	command	mean	stddev	median	user	system	min	max	map_size	device
0	drexml run --n-gpus 3 --no-add disease.env	799.6404621693201	2.141657093439521	799.80711328382	11038.00303938	378.63161524	797.05758534682	802.30258094882	001	GPU
1	drexml run --n-gpus 3 --no-add disease.env	3692.5388950144	8.377342463141241	3692.9949911544	36117.5988521	2086.98197236	3680.6693898744	3707.7700518134	025	GPU
2	drexml run --n-gpus 3 --no-add disease.env	7456.557071806802	14.099179098294334	7458.3896021811	59511.51449804	4488.17981454	7431.8912036446	7474.4158614506	050	GPU
3	drexml run --n-gpus 3 --no-add disease.env	11050.91518901996	17.46115915809115	11046.71882960616	85566.15141044001	6756.182519479999	11022.50931887716	11085.77847138716	075	GPU
4	drexml run --n-gpus 3 --no-add disease.env	14736.68172646262	19.63219881288473	14733.90206343282	106680.62751566	9168.40027144	14703.76433994432	14772.02729690032	100	GPU
