	command	mean	stddev	median	user	system	min	max	map_size	device
0	drexml run --no-add disease.env	756.0886342831999	2.099031033741806	755.5725263451999	11070.15176618	725.1285248199999	753.6754604892	759.3183034181999	001	CPU
1	drexml run --no-add disease.env	5015.780696656419	28.543542774609488	5009.62672651912	125638.23034009998	2058.7209185999995	4985.32482372712	5061.48613563012	025	CPU
2	drexml run --no-add disease.env	11384.61687474024	63.46303466784134	11373.451941223038	303602.93356134	3445.2825823	11265.592370773538	11487.68791804254	050	CPU
3	drexml run --no-add disease.env	16514.21931847224	60.96397966831606	16510.31384978454	448056.60268448	4461.34308388	16424.876337744037	16597.549723772037	075	CPU
4	drexml run --no-add disease.env	21658.04168064184	70.04911254118394	21636.45324551184	596641.05838174	5142.740966299999	21579.261235543338	21790.25136457834	100	CPU
