target	drug_id	drug	padj	NES	rank_nes_overall	mean_abs_shap	circuits_above_zero
PIK3CD	DB11891	Fimepinostat	5.86409023807469E-05	2.35164642871307	17	0.256086674697682	88
EGFR	DB12174	CUDC-101	0.000107047195274	2.30956196828472	18	0.00192081948265	4
VEGFA	DB10772	Foreskin keratinocyte (neonatal)	0.000605901166843	2.25022081918057	22	0.00120908257817	1
TNF	DB05992	Plinabulin	0.001806398537351	2.17902906869224	34	0.92890530672613	117
EGFR	DB03496	Alvocidib	0.001922283066699	2.1385974800089	43	0.00192081948265	4
LPL	DB13751	Glycyrrhizic acid	0.002994358115833	1.98861632676143	80	0.119130985152545	41
TUBB3	DB04845	Ixabepilone	0.003973089808473	2.12724378082689	46	0.059374744208029	19
VEGFA	DB05294	Vandetanib	0.006768006463629	2.06043311812418	65	0.00120908257817	1
